medicine_id,medicine_name,quantity_sold
MED081,Paracure 81,2411
MED092,Vitawell 92,2217
MED083,Cefizen 83,2094
MED052,Vitawell 52,2092
MED051,Monttide 51,2083
MED044,Amorid 44,2078
MED002,Ibuplus 2,2037
MED028,Omefast 28,1963
MED091,Monttide 91,1942
MED027,Cardaid 27,1920
